{"architecture":{"action_logit_bound":2.0,"action_width":3,"controls":{"act":[4.0,32.0],"exploration":[0.25,2.0],"temperature":[0.05,1.5],"tolerance":[1e-06,0.005]},"meta_control_dim":4,"summary_dim":12},"provenance":{"algorithm":"independent-ridge-heads-v1","dataset_id":"cts-analytic-latents-v1","dataset_sha256":"3c13734f6e448df3b01f647af06681f9a972662fcbc588a08fc4c70b6fd8f51e","heldout":{"action_coverage":3,"critic_mae":0.00133016,"max_action_fraction":0.4375,"meta_normalized_mae":0.00045888,"policy_accuracy":1.0},"heldout_samples":16,"integrity":"offline-calibrated-heldout-v1","ridge":0.001,"state_sha256":"679832776b1e6d72d8f17e6f29f3a7faca367b54f032cb73a9ae9464f1939ec5","train_samples":48,"trained":true},"schema":"cogni-cts-control-v1","state":{"critic_head.bias":[0.00668437],"critic_head.weight":[[0.04328737,0.56116743,0.34232514,-0.14527495,-0.55623165,-0.82244567,-0.98463114,-0.94078562,-0.12835481,0.21492952,-0.16544514,0.25201979]],"meta_head.bias":[0.01464894,0.00201835,0.0413212,0.01918986],"meta_head.weight":[[0.08015574,0.58273987,0.71921103,0.80939407,0.84376198,0.810215,0.70955264,0.54148594,0.19827708,-0.03796564,0.20260291,-0.04229151],[-0.053541,0.82126481,0.86625454,0.64835236,0.23855806,-0.18821591,-0.58475981,-0.75849375,-0.18758738,0.08050528,-0.23874762,0.1316654],[0.1416537,0.74986428,0.56973687,-0.16997458,-0.66536964,-0.62011244,-0.16472266,0.38257309,0.27885411,0.00445326,0.41628054,-0.1329732],[-0.03317468,0.4640505,0.00223284,-0.71140004,-0.33362988,0.43575536,0.65729569,0.00985627,-0.03165064,-0.0346987,-0.32070843,0.25435927]],"policy_head.bias":[0.00471698,-0.00426408,-0.00033968],"policy_head.weight":[[0.39668567,0.00537686,-0.00042137,0.00761318,0.00525354,-0.00059859,0.00395151,-0.00674833,1.39147834,-0.59810697,0.39604356,0.39732787],[0.39851688,0.00758131,-0.00332747,0.00051055,0.00291032,-0.00450549,0.00253097,0.00282437,-0.59810697,1.39514074,0.39851211,0.39852163],[-0.59640191,-0.00971863,0.00281164,-0.0060928,-0.0061229,0.00382806,-0.00486186,0.00294297,-0.59502853,-0.59777533,-0.59591675,-0.59688713]]}}
